"lipid","skewness","kurtosis","shapiro_p","shapiro_p_adj","normality"
"Carnitine_.00.0.",0.867320156530432,3.240802893637,0.00338050316435353,0.00473270443009494,"Non-normal"
"Carnitine_.02.0.",1.15177927492344,3.86363697781537,0.000107370687727533,0.000250531604697577,"Non-normal"
"Carnitine_.03.0.",0.741798553327305,3.06598599287547,0.0130383750503843,0.0152114375587817,"Non-normal"
"Carnitine_.03.0.2COOH.",5.09537410568048,27.1125790647792,3.75597435985518e-16,2.62918205189862e-15,"Non-normal"
"Carnitine_.04.0.",0.789713461490535,2.82020014597661,0.00154256621242932,0.00269949087175132,"Non-normal"
"Carnitine_.05.0.",-0.283153450379345,1.9312533089122,5.46740272986625e-05,0.000191359095545319,"Non-normal"
"Carnitine_.18.2.",0.664109813662466,3.60294246384568,0.122161580911622,0.122161580911622,"Normal"
