"lipid","skewness","kurtosis","shapiro_p","shapiro_p_adj","normality"
"PS_.37.2.",1.92176117520545,10.9539390653744,5.5058463548017e-06,8.25876953220256e-06,"Non-normal"
"PS_.37.3.",1.42489465209585,5.48867614019012,6.34391625075885e-05,7.61269950091062e-05,"Non-normal"
"PS_.37.4.",2.57355493544882,11.4812253949108,2.75023249533373e-09,8.25069748600118e-09,"Non-normal"
"PS_.38.3.",0.808083889416291,3.72360247573597,0.021109162674453,0.021109162674453,"Non-normal"
"PS_.40.4.",2.67393292158381,11.8799368254515,4.97657357401794e-09,9.95314714803589e-09,"Non-normal"
"PS_.40.7.",2.6220186683321,10.6763843892014,1.80703750248247e-09,8.25069748600118e-09,"Non-normal"
