"lipid","skewness","kurtosis","shapiro_p","shapiro_p_adj","normality"
"MG_.20.4.",0.594042282581868,2.91711460152845,0.0668198805435404,0.133639761087081,"Normal"
"MG_.22.6.",0.259532609461538,2.60058113751435,0.462092662177677,0.462092662177677,"Normal"
