"lipid","skewness","kurtosis","shapiro_p","shapiro_p_adj","normality"
"GB3_.34.1.",7.34968415259167,55.0178571428571,8.7329482144046e-17,1.52826593752081e-16,"Non-normal"
"GB3_.40.2.",7.34968415259167,55.0178571428571,8.7329482144046e-17,1.52826593752081e-16,"Non-normal"
"GB3_.42.1.",7.34968415259167,55.0178571428571,8.7329482144046e-17,1.52826593752081e-16,"Non-normal"
"GB4_.34.1.",1.22013647411912,4.0571382408345,6.41683021348831e-06,6.41683021348831e-06,"Non-normal"
"GB4_.36.0.",4.10872936752018,18.1361251125371,1.24580369159369e-15,1.74412516823116e-15,"Non-normal"
"GB4_.36.1.",2.3061931780475,7.41628218628485,1.37979671725311e-12,1.6097628367953e-12,"Non-normal"
"GB4_.40.1.",7.34968415259167,55.0178571428572,8.7329482144046e-17,1.52826593752081e-16,"Non-normal"
