"lipid","skewness","kurtosis","shapiro_p","shapiro_p_adj","normality"
"Sph_.20.1.",0.503184009442473,2.51893336201483,0.0779850933135562,0.0779850933135562,"Normal"
