"lipid","skewness","kurtosis","shapiro_p","shapiro_p_adj","normality"
"CPE_.34.1.",2.9988705075629,10.8908652402877,4.14938019630971e-14,6.22407029446457e-14,"Non-normal"
"CPE_.42.2.",2.38989512358549,8.13172587477083,1.68275507060145e-11,1.68275507060145e-11,"Non-normal"
"CPE_.44.2.",4.02649446348791,17.2676957992063,1.21402974332603e-15,3.64208922997808e-15,"Non-normal"
