"lipid","skewness","kurtosis","shapiro_p","shapiro_p_adj","normality"
"Cholesterol",1.29638237442697,5.62478175684188,0.000851214332868394,0.00153218579916311,"Non-normal"
"CE_.16.0.",1.52745264917914,4.56768703409612,1.53277776736046e-09,4.59833330208137e-09,"Non-normal"
"CE_.16.1.",0.296849778063947,3.15822777249379,0.302189788169973,0.388529727647108,"Normal"
"CE_.16.2.",1.19069267661412,4.55010450416751,0.000483760463105534,0.00108846104198745,"Non-normal"
"CE_.17.1.",7.34968415259167,55.0178571428571,8.7329482144046e-17,7.85965339296414e-16,"Non-normal"
"CE_.18.2.",1.7244648265112,4.00500170074486,5.69927223136578e-13,2.5646725041146e-12,"Non-normal"
"CE_.18.3.",-0.0124780380226826,2.56298059431587,0.930954886132336,0.930954886132336,"Normal"
"CE_.20.4.",0.152338126523914,2.44750599468047,0.799771694779189,0.899743156626587,"Normal"
"CE_.20.5.",0.731864561452193,3.04966937576807,0.0263714489348386,0.0395571734022579,"Non-normal"
